BARCODE,X1,Y1,X2,Y2,X3,Y3,X4,Y4
15ASH20001,705785.4058,4334209.525,705785.4058,4334211.525,705785.8058,4334211.525,705785.8058,4334209.525
15ASH20002,705784.696,4334209.535,705784.696,4334211.535,705785.096,4334211.535,705785.096,4334209.535
15ASH20003,705783.8181,4334208.745,705783.8181,4334210.745,705784.2181,4334210.745,705784.2181,4334208.745
15ASH20004,705783.1042,4334208.866,705783.1042,4334210.866,705783.5042,4334210.866,705783.5042,4334208.866
15ASH20005,705782.1466,4334209.45,705782.1466,4334211.45,705782.5466,4334211.45,705782.5466,4334209.45
15ASH20006,705781.4348,4334209.552,705781.4348,4334211.552,705781.8348,4334211.552,705781.8348,4334209.552
15ASH20007,705780.6027,4334208.81,705780.6027,4334210.81,705781.0027,4334210.81,705781.0027,4334208.81
15ASH20008,705779.896,4334208.894,705779.896,4334210.894,705780.296,4334210.894,705780.296,4334208.894
15ASH20009,705778.9736,4334209.46,705778.9736,4334211.46,705779.3736,4334211.46,705779.3736,4334209.46
15ASH20010,705778.2635,4334209.41,705778.2635,4334211.41,705778.6635,4334211.41,705778.6635,4334209.41
15ASH20011,705777.4121,4334208.765,705777.4121,4334210.765,705777.8121,4334210.765,705777.8121,4334208.765
15ASH20012,705776.7036,4334208.785,705776.7036,4334210.785,705777.1036,4334210.785,705777.1036,4334208.785
15ASH20013,705775.8057,4334209.487,705775.8057,4334211.487,705776.2057,4334211.487,705776.2057,4334209.487
15ASH20014,705775.0959,4334209.554,705775.0959,4334211.554,705775.4959,4334211.554,705775.4959,4334209.554
15ASH20015,705774.0222,4334208.704,705774.0222,4334210.704,705774.4222,4334210.704,705774.4222,4334208.704
15ASH20016,705773.3136,4334208.687,705773.3136,4334210.687,705773.7136,4334210.687,705773.7136,4334208.687
15ASH20017,705772.4303,4334209.279,705772.4303,4334211.279,705772.8303,4334211.279,705772.8303,4334209.279
15ASH20018,705771.7214,4334209.32,705771.7214,4334211.32,705772.1214,4334211.32,705772.1214,4334209.32
15ASH20019,705770.8341,4334208.736,705770.8341,4334210.736,705771.2341,4334210.736,705771.2341,4334208.736
15ASH20020,705770.1228,4334208.881,705770.1228,4334210.881,705770.5228,4334210.881,705770.5228,4334208.881
15ASH20021,705769.2222,4334209.315,705769.2222,4334211.315,705769.6222,4334211.315,705769.6222,4334209.315
15ASH20022,705768.5133,4334209.274,705768.5133,4334211.274,705768.9133,4334211.274,705768.9133,4334209.274
15ASH20023,705767.635,4334208.574,705767.635,4334210.574,705768.035,4334210.574,705768.035,4334208.574
15ASH20024,705766.9268,4334208.66,705766.9268,4334210.66,705767.3268,4334210.66,705767.3268,4334208.66
15ASH20025,705766.0954,4334209.238,705766.0954,4334211.238,705766.4954,4334211.238,705766.4954,4334209.238
15ASH20026,705765.3862,4334209.305,705765.3862,4334211.305,705765.7862,4334211.305,705765.7862,4334209.305
15ASH20027,705764.4091,4334208.579,705764.4091,4334210.579,705764.8091,4334210.579,705764.8091,4334208.579
15ASH20028,705763.6993,4334208.621,705763.6993,4334210.621,705764.0993,4334210.621,705764.0993,4334208.621
15ASH20029,705762.7933,4334209.265,705762.7933,4334211.265,705763.1933,4334211.265,705763.1933,4334209.265
15ASH20030,705762.0836,4334209.307,705762.0836,4334211.307,705762.4836,4334211.307,705762.4836,4334209.307
15ASH20031,705761.1788,4334208.604,705761.1788,4334210.604,705761.5788,4334210.604,705761.5788,4334208.604
15ASH20032,705760.4636,4334208.6,705760.4636,4334210.6,705760.8636,4334210.6,705760.8636,4334208.6
15ASH20033,705759.5781,4334209.267,705759.5781,4334211.267,705759.9781,4334211.267,705759.9781,4334209.267
15ASH20034,705758.8705,4334209.284,705758.8705,4334211.284,705759.2705,4334211.284,705759.2705,4334209.284
15ASH20035,705757.9709,4334208.504,705757.9709,4334210.504,705758.3709,4334210.504,705758.3709,4334208.504
15ASH20036,705757.2613,4334208.524,705757.2613,4334210.524,705757.6613,4334210.524,705757.6613,4334208.524
15ASH20072,705757.2843,4334205.219,705757.2843,4334207.219,705757.6843,4334207.219,705757.6843,4334205.219
15ASH20071,705757.992,4334205.285,705757.992,4334207.285,705758.392,4334207.285,705758.392,4334205.285
15ASH20070,705758.9446,4334205.89,705758.9446,4334207.89,705759.3446,4334207.89,705759.3446,4334205.89
15ASH20069,705759.6531,4334205.881,705759.6531,4334207.881,705760.0531,4334207.881,705760.0531,4334205.881
15ASH20068,705760.492,4334205.282,705760.492,4334207.282,705760.892,4334207.282,705760.892,4334205.282
15ASH20067,705761.2014,4334205.217,705761.2014,4334207.217,705761.6014,4334207.217,705761.6014,4334205.217
15ASH20066,705762.2144,4334205.984,705762.2144,4334207.984,705762.6144,4334207.984,705762.6144,4334205.984
15ASH20065,705762.9253,4334205.872,705762.9253,4334207.872,705763.3253,4334207.872,705763.3253,4334205.872
15ASH20064,705763.7019,4334205.285,705763.7019,4334207.285,705764.1019,4334207.285,705764.1019,4334205.285
15ASH20063,705764.4082,4334205.189,705764.4082,4334207.189,705764.8082,4334207.189,705764.8082,4334205.189
15ASH20062,705765.3592,4334206.03,705765.3592,4334208.03,705765.7592,4334208.03,705765.7592,4334206.03
15ASH20061,705766.0668,4334206.012,705766.0668,4334208.012,705766.4668,4334208.012,705766.4668,4334206.012
15ASH20060,705766.9824,4334205.343,705766.9824,4334207.343,705767.3824,4334207.343,705767.3824,4334205.343
15ASH20059,705767.6972,4334205.242,705767.6972,4334207.242,705768.0972,4334207.242,705768.0972,4334205.242
15ASH20058,705768.6179,4334205.967,705768.6179,4334207.967,705769.0179,4334207.967,705769.0179,4334205.967
15ASH20057,705769.3265,4334205.948,705769.3265,4334207.948,705769.7265,4334207.948,705769.7265,4334205.948
15ASH20056,705770.1903,4334205.349,705770.1903,4334207.349,705770.5903,4334207.349,705770.5903,4334205.349
15ASH20055,705770.8995,4334205.353,705770.8995,4334207.353,705771.2995,4334207.353,705771.2995,4334205.353
15ASH20054,705771.7386,4334206.062,705771.7386,4334208.062,705772.1386,4334208.062,705772.1386,4334206.062
15ASH20053,705772.4434,4334206.057,705772.4434,4334208.057,705772.8434,4334208.057,705772.8434,4334206.057
15ASH20052,705773.4067,4334205.405,705773.4067,4334207.405,705773.8067,4334207.405,705773.8067,4334205.405
15ASH20051,705774.1067,4334205.37,705774.1067,4334207.37,705774.5067,4334207.37,705774.5067,4334205.37
15ASH20050,705775.0058,4334206.119,705775.0058,4334208.119,705775.4058,4334208.119,705775.4058,4334206.119
15ASH20049,705775.718,4334206.13,705775.718,4334208.13,705776.118,4334208.13,705776.118,4334206.13
15ASH20048,705776.5939,4334205.399,705776.5939,4334207.399,705776.9939,4334207.399,705776.9939,4334205.399
15ASH20047,705777.3017,4334205.352,705777.3017,4334207.352,705777.7017,4334207.352,705777.7017,4334205.352
15ASH20046,705778.2536,4334206.176,705778.2536,4334208.176,705778.6536,4334208.176,705778.6536,4334206.176
15ASH20045,705778.951,4334206.09,705778.951,4334208.09,705779.351,4334208.09,705779.351,4334206.09
15ASH20044,705779.804,4334205.511,705779.804,4334207.511,705780.204,4334207.511,705780.204,4334205.511
15ASH20043,705780.5147,4334205.466,705780.5147,4334207.466,705780.9147,4334207.466,705780.9147,4334205.466
15ASH20042,705781.3819,4334206.18,705781.3819,4334208.18,705781.7819,4334208.18,705781.7819,4334206.18
15ASH20041,705782.0913,4334206.197,705782.0913,4334208.197,705782.4913,4334208.197,705782.4913,4334206.197
15ASH20040,705783.0287,4334205.452,705783.0287,4334207.452,705783.4287,4334207.452,705783.4287,4334205.452
15ASH20039,705783.7318,4334205.483,705783.7318,4334207.483,705784.1318,4334207.483,705784.1318,4334205.483
15ASH20038,705784.7715,4334206.225,705784.7715,4334208.225,705785.1715,4334208.225,705785.1715,4334206.225
15ASH20037,705785.4819,4334206.14,705785.4819,4334208.14,705785.8819,4334208.14,705785.8819,4334206.14
15ASH20073,705785.4964,4334202.848,705785.4964,4334204.848,705785.8964,4334204.848,705785.8964,4334202.848
15ASH20074,705784.7884,4334202.869,705784.7884,4334204.869,705785.1884,4334204.869,705785.1884,4334202.869
15ASH20075,705783.7982,4334201.966,705783.7982,4334203.966,705784.1982,4334203.966,705784.1982,4334201.966
15ASH20076,705783.084,4334202.069,705783.084,4334204.069,705783.484,4334204.069,705783.484,4334202.069
15ASH20077,705782.1895,4334202.724,705782.1895,4334204.724,705782.5895,4334204.724,705782.5895,4334202.724
15ASH20078,705781.4741,4334202.743,705781.4741,4334204.743,705781.8741,4334204.743,705781.8741,4334202.743
15ASH20079,705780.5968,4334202.17,705780.5968,4334204.17,705780.9968,4334204.17,705780.9968,4334202.17
15ASH20080,705779.8949,4334202.12,705779.8949,4334204.12,705780.2949,4334204.12,705780.2949,4334202.12
15ASH20081,705779.0089,4334202.771,705779.0089,4334204.771,705779.4089,4334204.771,705779.4089,4334202.771
15ASH20082,705778.2982,4334202.825,705778.2982,4334204.825,705778.6982,4334204.825,705778.6982,4334202.825
15ASH20083,705777.3373,4334202.054,705777.3373,4334204.054,705777.7373,4334204.054,705777.7373,4334202.054
15ASH20084,705776.6292,4334202.098,705776.6292,4334204.098,705777.0292,4334204.098,705777.0292,4334202.098
15ASH20085,705775.8269,4334202.701,705775.8269,4334204.701,705776.2269,4334204.701,705776.2269,4334202.701
15ASH20086,705775.1161,4334202.745,705775.1161,4334204.745,705775.5161,4334204.745,705775.5161,4334202.745
15ASH20087,705774.1865,4334202.005,705774.1865,4334204.005,705774.5865,4334204.005,705774.5865,4334202.005
15ASH20088,705773.4835,4334202.007,705773.4835,4334204.007,705773.8835,4334204.007,705773.8835,4334202.007
15ASH20089,705772.4667,4334202.742,705772.4667,4334204.742,705772.8667,4334204.742,705772.8667,4334202.742
15ASH20090,705771.7609,4334202.771,705771.7609,4334204.771,705772.1609,4334204.771,705772.1609,4334202.771
15ASH20091,705770.8809,4334202.657,705770.8809,4334204.657,705771.2809,4334204.657,705771.2809,4334202.657
15ASH20092,705770.1721,4334202.46,705770.1721,4334204.46,705770.5721,4334204.46,705770.5721,4334202.46
15ASH20093,705769.3521,4334202.676,705769.3521,4334204.676,705769.7521,4334204.676,705769.7521,4334202.676
15ASH20094,705768.651,4334202.703,705768.651,4334204.703,705769.051,4334204.703,705769.051,4334202.703
15ASH20095,705767.7153,4334201.961,705767.7153,4334203.961,705768.1153,4334203.961,705768.1153,4334201.961
15ASH20096,705767.003,4334201.965,705767.003,4334203.965,705767.403,4334203.965,705767.403,4334201.965
15ASH20097,705766.1411,4334202.747,705766.1411,4334204.747,705766.5411,4334204.747,705766.5411,4334202.747
15ASH20098,705765.4313,4334202.843,705765.4313,4334204.843,705765.8313,4334204.843,705765.8313,4334202.843
15ASH20099,705764.4293,4334201.865,705764.4293,4334203.865,705764.8293,4334203.865,705764.8293,4334201.865
15ASH20100,705763.7202,4334201.833,705763.7202,4334203.833,705764.1202,4334203.833,705764.1202,4334201.833
15ASH20101,705762.8989,4334202.605,705762.8989,4334204.605,705763.2989,4334204.605,705763.2989,4334202.605
15ASH20102,705762.197,4334202.674,705762.197,4334204.674,705762.597,4334204.674,705762.597,4334202.674
15ASH20103,705761.2275,4334201.873,705761.2275,4334203.873,705761.6275,4334203.873,705761.6275,4334201.873
15ASH20104,705760.5183,4334201.863,705760.5183,4334203.863,705760.9183,4334203.863,705760.9183,4334201.863
15ASH20105,705759.6727,4334202.562,705759.6727,4334204.562,705760.0727,4334204.562,705760.0727,4334202.562
15ASH20106,705758.9626,4334202.668,705758.9626,4334204.668,705759.3626,4334204.668,705759.3626,4334202.668
15ASH20107,705758.0446,4334201.927,705758.0446,4334203.927,705758.4446,4334203.927,705758.4446,4334201.927
15ASH20108,705757.3337,4334201.938,705757.3337,4334203.938,705757.7337,4334203.938,705757.7337,4334201.938
15ASH20144,705757.3157,4334198.547,705757.3157,4334200.547,705757.7157,4334200.547,705757.7157,4334198.547
15ASH20143,705758.0235,4334198.557,705758.0235,4334200.557,705758.4235,4334200.557,705758.4235,4334198.557
15ASH20142,705758.9962,4334199.285,705758.9962,4334201.285,705759.3962,4334201.285,705759.3962,4334199.285
15ASH20141,705759.7041,4334199.272,705759.7041,4334201.272,705760.1041,4334201.272,705760.1041,4334199.272
15ASH20140,705760.6126,4334198.624,705760.6126,4334200.624,705761.0126,4334200.624,705761.0126,4334198.624
15ASH20139,705761.3212,4334198.652,705761.3212,4334200.652,705761.7212,4334200.652,705761.7212,4334198.652
15ASH20138,705762.2818,4334199.327,705762.2818,4334201.327,705762.6818,4334201.327,705762.6818,4334199.327
15ASH20137,705762.9907,4334199.25,705762.9907,4334201.25,705763.3907,4334201.25,705763.3907,4334199.25
15ASH20136,705763.7762,4334198.615,705763.7762,4334200.615,705764.1762,4334200.615,705764.1762,4334198.615
15ASH20135,705764.4852,4334198.613,705764.4852,4334200.613,705764.8852,4334200.613,705764.8852,4334198.613
15ASH20134,705765.4889,4334199.308,705765.4889,4334201.308,705765.8889,4334201.308,705765.8889,4334199.308
15ASH20133,705766.1947,4334199.242,705766.1947,4334201.242,705766.5947,4334201.242,705766.5947,4334199.242
15ASH20132,705767.0757,4334198.78,705767.0757,4334200.78,705767.4757,4334200.78,705767.4757,4334198.78
15ASH20131,705767.7908,4334198.658,705767.7908,4334200.658,705768.1908,4334200.658,705768.1908,4334198.658
15ASH20130,705768.6566,4334199.367,705768.6566,4334201.367,705769.0566,4334201.367,705769.0566,4334199.367
15ASH20129,705769.3655,4334199.313,705769.3655,4334201.313,705769.7655,4334201.313,705769.7655,4334199.313
15ASH20128,705770.2008,4334198.631,705770.2008,4334200.631,705770.6008,4334200.631,705770.6008,4334198.631
15ASH20127,705770.909,4334198.556,705770.909,4334200.556,705771.309,4334200.556,705771.309,4334198.556
15ASH20126,705771.7781,4334199.33,705771.7781,4334201.33,705772.1781,4334201.33,705772.1781,4334199.33
15ASH20125,705772.4874,4334199.257,705772.4874,4334201.257,705772.8874,4334201.257,705772.8874,4334199.257
15ASH20124,705773.4181,4334198.748,705773.4181,4334200.748,705773.8181,4334200.748,705773.8181,4334198.748
15ASH20123,705774.1238,4334198.742,705774.1238,4334200.742,705774.5238,4334200.742,705774.5238,4334198.742
15ASH20122,705775.2059,4334199.401,705775.2059,4334201.401,705775.6059,4334201.401,705775.6059,4334199.401
15ASH20121,705775.9125,4334199.301,705775.9125,4334201.301,705776.3125,4334201.301,705776.3125,4334199.301
15ASH20120,705776.6949,4334198.624,705776.6949,4334200.624,705777.0949,4334200.624,705777.0949,4334198.624
15ASH20119,705777.3996,4334198.641,705777.3996,4334200.641,705777.7996,4334200.641,705777.7996,4334198.641
15ASH20118,705778.4552,4334199.463,705778.4552,4334201.463,705778.8552,4334201.463,705778.8552,4334199.463
15ASH20117,705779.1629,4334199.385,705779.1629,4334201.385,705779.5629,4334201.385,705779.5629,4334199.385
15ASH20116,705779.9611,4334198.763,705779.9611,4334200.763,705780.3611,4334200.763,705780.3611,4334198.763
15ASH20115,705780.671,4334198.67,705780.671,4334200.67,705781.071,4334200.67,705781.071,4334198.67
15ASH20114,705781.6528,4334199.5,705781.6528,4334201.5,705782.0528,4334201.5,705782.0528,4334199.5
15ASH20113,705782.3596,4334199.423,705782.3596,4334201.423,705782.7596,4334201.423,705782.7596,4334199.423
15ASH20112,705783.0602,4334198.849,705783.0602,4334200.849,705783.4602,4334200.849,705783.4602,4334198.849
15ASH20111,705783.7726,4334198.817,705783.7726,4334200.817,705784.1726,4334200.817,705784.1726,4334198.817
15ASH20110,705784.6921,4334199.522,705784.6921,4334201.522,705785.0921,4334201.522,705785.0921,4334199.522
15ASH20109,705785.4016,4334199.444,705785.4016,4334201.444,705785.8016,4334201.444,705785.8016,4334199.444
15ASH20145,705785.5334,4334196.047,705785.5334,4334198.047,705785.9334,4334198.047,705785.9334,4334196.047
15ASH20146,705784.8242,4334196.025,705784.8242,4334198.025,705785.2242,4334198.025,705785.2242,4334196.025
15ASH20147,705783.8383,4334195.476,705783.8383,4334197.476,705784.2383,4334197.476,705784.2383,4334195.476
15ASH20148,705783.1305,4334195.483,705783.1305,4334197.483,705783.5305,4334197.483,705783.5305,4334195.483
15ASH20149,705782.3439,4334196.085,705782.3439,4334198.085,705782.7439,4334198.085,705782.7439,4334196.085
15ASH20150,705781.6301,4334196.204,705781.6301,4334198.204,705782.0301,4334198.204,705782.0301,4334196.204
15ASH20151,705780.6459,4334195.384,705780.6459,4334197.384,705781.0459,4334197.384,705781.0459,4334195.384
15ASH20152,705779.9411,4334195.429,705779.9411,4334197.429,705780.3411,4334197.429,705780.3411,4334195.429
15ASH20153,705779.1427,4334196.06,705779.1427,4334198.06,705779.5427,4334198.06,705779.5427,4334196.06
15ASH20154,705778.4319,4334196.111,705778.4319,4334198.111,705778.8319,4334198.111,705778.8319,4334196.111
15ASH20155,705777.5004,4334195.306,705777.5004,4334197.306,705777.9004,4334197.306,705777.9004,4334195.306
15ASH20156,705776.793,4334195.379,705776.793,4334197.379,705777.193,4334197.379,705777.193,4334195.379
15ASH20157,705775.8506,4334195.933,705775.8506,4334197.933,705776.2506,4334197.933,705776.2506,4334195.933
15ASH20158,705775.1508,4334195.978,705775.1508,4334197.978,705775.5508,4334197.978,705775.5508,4334195.978
15ASH20159,705774.1537,4334195.306,705774.1537,4334197.306,705774.5537,4334197.306,705774.5537,4334195.306
15ASH20160,705773.4464,4334195.385,705773.4464,4334197.385,705773.8464,4334197.385,705773.8464,4334195.385
15ASH20161,705772.6166,4334195.941,705772.6166,4334197.941,705773.0166,4334197.941,705773.0166,4334195.941
15ASH20162,705771.9082,4334196.012,705771.9082,4334198.012,705772.3082,4334198.012,705772.3082,4334196.012
15ASH20163,705770.9202,4334195.357,705770.9202,4334197.357,705771.3202,4334197.357,705771.3202,4334195.357
15ASH20164,705770.2133,4334195.339,705770.2133,4334197.339,705770.6133,4334197.339,705770.6133,4334195.339
15ASH20165,705769.411,4334195.994,705769.411,4334197.994,705769.811,4334197.994,705769.811,4334195.994
15ASH20166,705768.7075,4334195.998,705768.7075,4334197.998,705769.1075,4334197.998,705769.1075,4334195.998
15ASH20167,705767.8343,4334195.253,705767.8343,4334197.253,705768.2343,4334197.253,705768.2343,4334195.253
15ASH20168,705767.1249,4334195.333,705767.1249,4334197.333,705767.5249,4334197.333,705767.5249,4334195.333
15ASH20169,705766.2346,4334196.011,705766.2346,4334198.011,705766.6346,4334198.011,705766.6346,4334196.011
15ASH20170,705765.5244,4334196.049,705765.5244,4334198.049,705765.9244,4334198.049,705765.9244,4334196.049
15ASH20171,705764.5554,4334195.186,705764.5554,4334197.186,705764.9554,4334197.186,705764.9554,4334195.186
15ASH20172,705763.8453,4334195.285,705763.8453,4334197.285,705764.2453,4334197.285,705764.2453,4334195.285
15ASH20173,705762.9335,4334195.863,705762.9335,4334197.863,705763.3335,4334197.863,705763.3335,4334195.863
15ASH20174,705762.2235,4334195.976,705762.2235,4334197.976,705762.6235,4334197.976,705762.6235,4334195.976
15ASH20175,705761.3771,4334195.206,705761.3771,4334197.206,705761.7771,4334197.206,705761.7771,4334195.206
15ASH20176,705760.6667,4334195.247,705760.6667,4334197.247,705761.0667,4334197.247,705761.0667,4334195.247
15ASH20177,705759.7403,4334195.884,705759.7403,4334197.884,705760.1403,4334197.884,705760.1403,4334195.884
15ASH20178,705759.0315,4334195.861,705759.0315,4334197.861,705759.4315,4334197.861,705759.4315,4334195.861
15ASH20179,705757.9925,4334195.168,705757.9925,4334197.168,705758.3925,4334197.168,705758.3925,4334195.168
15ASH20180,705757.2827,4334195.189,705757.2827,4334197.189,705757.6827,4334197.189,705757.6827,4334195.189
15ASH20216,705757.3839,4334191.786,705757.3839,4334193.786,705757.7839,4334193.786,705757.7839,4334191.786
15ASH20215,705758.0931,4334191.798,705758.0931,4334193.798,705758.4931,4334193.798,705758.4931,4334191.798
15ASH20214,705759.0195,4334192.417,705759.0195,4334194.417,705759.4195,4334194.417,705759.4195,4334192.417
15ASH20213,705759.7269,4334192.453,705759.7269,4334194.453,705760.1269,4334194.453,705760.1269,4334192.453
15ASH20212,705760.5941,4334191.852,705760.5941,4334193.852,705760.9941,4334193.852,705760.9941,4334191.852
15ASH20211,705761.304,4334191.846,705761.304,4334193.846,705761.704,4334193.846,705761.704,4334191.846
15ASH20210,705762.3176,4334192.55,705762.3176,4334194.55,705762.7176,4334194.55,705762.7176,4334192.55
15ASH20209,705763.0243,4334192.563,705763.0243,4334194.563,705763.4243,4334194.563,705763.4243,4334192.563
15ASH20208,705763.8414,4334191.921,705763.8414,4334193.921,705764.2414,4334193.921,705764.2414,4334191.921
15ASH20207,705764.5504,4334191.872,705764.5504,4334193.872,705764.9504,4334193.872,705764.9504,4334191.872
15ASH20206,705765.4909,4334192.673,705765.4909,4334194.673,705765.8909,4334194.673,705765.8909,4334192.673
15ASH20205,705766.2018,4334192.643,705766.2018,4334194.643,705766.6018,4334194.643,705766.6018,4334192.643
15ASH20204,705767.0883,4334191.855,705767.0883,4334193.855,705767.4883,4334193.855,705767.4883,4334191.855
15ASH20203,705767.7975,4334191.74,705767.7975,4334193.74,705768.1975,4334193.74,705768.1975,4334191.74
15ASH20202,705768.8289,4334192.686,705768.8289,4334194.686,705769.2289,4334194.686,705769.2289,4334192.686
15ASH20201,705769.5392,4334192.663,705769.5392,4334194.663,705769.9392,4334194.663,705769.9392,4334192.663
15ASH20200,705770.2515,4334191.953,705770.2515,4334193.953,705770.6515,4334193.953,705770.6515,4334191.953
15ASH20199,705770.9603,4334191.943,705770.9603,4334193.943,705771.3603,4334193.943,705771.3603,4334191.943
15ASH20198,705771.9543,4334192.73,705771.9543,4334194.73,705772.3543,4334194.73,705772.3543,4334192.73
15ASH20197,705772.6601,4334192.668,705772.6601,4334194.668,705773.0601,4334194.668,705773.0601,4334192.668
15ASH20196,705773.502,4334192.03,705773.502,4334194.03,705773.902,4334194.03,705773.902,4334192.03
15ASH20195,705774.2075,4334192.005,705774.2075,4334194.005,705774.6075,4334194.005,705774.6075,4334192.005
15ASH20194,705775.1832,4334192.727,705775.1832,4334194.727,705775.5832,4334194.727,705775.5832,4334192.727
15ASH20193,705775.8843,4334192.689,705775.8843,4334194.689,705776.2843,4334194.689,705776.2843,4334192.689
15ASH20192,705776.7434,4334191.995,705776.7434,4334193.995,705777.1434,4334193.995,705777.1434,4334191.995
15ASH20191,705777.4498,4334191.931,705777.4498,4334193.931,705777.8498,4334193.931,705777.8498,4334191.931
15ASH20190,705778.3655,4334192.759,705778.3655,4334194.759,705778.7655,4334194.759,705778.7655,4334192.759
15ASH20189,705779.0747,4334192.722,705779.0747,4334194.722,705779.4747,4334194.722,705779.4747,4334192.722
15ASH20188,705779.9132,4334192.076,705779.9132,4334194.076,705780.3132,4334194.076,705780.3132,4334192.076
15ASH20187,705780.6242,4334192.009,705780.6242,4334194.009,705781.0242,4334194.009,705781.0242,4334192.009
15ASH20186,705781.7367,4334192.777,705781.7367,4334194.777,705782.1367,4334194.777,705782.1367,4334192.777
15ASH20185,705782.4452,4334192.739,705782.4452,4334194.739,705782.8452,4334194.739,705782.8452,4334192.739
15ASH20184,705783.2524,4334191.995,705783.2524,4334193.995,705783.6524,4334193.995,705783.6524,4334191.995
15ASH20183,705783.9609,4334191.918,705783.9609,4334193.918,705784.3609,4334193.918,705784.3609,4334191.918
15ASH20182,705784.934,4334192.719,705784.934,4334194.719,705785.334,4334194.719,705785.334,4334192.719
15ASH20181,705785.6452,4334192.708,705785.6452,4334194.708,705786.0452,4334194.708,705786.0452,4334192.708
15ASH20217,705785.665,4334189.428,705785.665,4334191.428,705786.065,4334191.428,705786.065,4334189.428
15ASH20218,705784.9543,4334189.468,705784.9543,4334191.468,705785.3543,4334191.468,705785.3543,4334189.468
15ASH20219,705783.823,4334188.724,705783.823,4334190.724,705784.223,4334190.724,705784.223,4334188.724
15ASH20220,705783.1146,4334188.748,705783.1146,4334190.748,705783.5146,4334190.748,705783.5146,4334188.748
15ASH20221,705782.3494,4334189.315,705782.3494,4334191.315,705782.7494,4334191.315,705782.7494,4334189.315
15ASH20222,705781.6423,4334189.355,705781.6423,4334191.355,705782.0423,4334191.355,705782.0423,4334189.355
15ASH20223,705780.7446,4334188.693,705780.7446,4334190.693,705781.1446,4334190.693,705781.1446,4334188.693
15ASH20224,705780.0334,4334188.715,705780.0334,4334190.715,705780.4334,4334190.715,705780.4334,4334188.715
15ASH20225,705779.1558,4334189.439,705779.1558,4334191.439,705779.5558,4334191.439,705779.5558,4334189.439
15ASH20226,705778.449,4334189.416,705778.449,4334191.416,705778.849,4334191.416,705778.849,4334189.416
15ASH20227,705777.4262,4334188.658,705777.4262,4334190.658,705777.8262,4334190.658,705777.8262,4334188.658
15ASH20228,705776.7126,4334188.716,705776.7126,4334190.716,705777.1126,4334190.716,705777.1126,4334188.716
15ASH20229,705775.8723,4334189.303,705775.8723,4334191.303,705776.2723,4334191.303,705776.2723,4334189.303
15ASH20230,705775.1593,4334189.38,705775.1593,4334191.38,705775.5593,4334191.38,705775.5593,4334189.38
15ASH20231,705774.1728,4334188.569,705774.1728,4334190.569,705774.5728,4334190.569,705774.5728,4334188.569
15ASH20232,705773.4687,4334188.573,705773.4687,4334190.573,705773.8687,4334190.573,705773.8687,4334188.573
15ASH20233,705772.6615,4334189.224,705772.6615,4334191.224,705773.0615,4334191.224,705773.0615,4334189.224
15ASH20234,705771.9534,4334189.309,705771.9534,4334191.309,705772.3534,4334191.309,705772.3534,4334189.309
15ASH20235,705770.9794,4334188.594,705770.9794,4334190.594,705771.3794,4334190.594,705771.3794,4334188.594
15ASH20236,705770.2704,4334188.581,705770.2704,4334190.581,705770.6704,4334190.581,705770.6704,4334188.581
15ASH20237,705769.4303,4334189.219,705769.4303,4334191.219,705769.8303,4334191.219,705769.8303,4334189.219
15ASH20238,705768.7231,4334189.236,705768.7231,4334191.236,705769.1231,4334191.236,705769.1231,4334189.236
15ASH20239,705767.8342,4334188.563,705767.8342,4334190.563,705768.2342,4334190.563,705768.2342,4334188.563
15ASH20240,705767.1236,4334188.538,705767.1236,4334190.538,705767.5236,4334190.538,705767.5236,4334188.538
15ASH20241,705766.2192,4334189.239,705766.2192,4334191.239,705766.6192,4334191.239,705766.6192,4334189.239
15ASH20242,705765.5102,4334189.292,705765.5102,4334191.292,705765.9102,4334191.292,705765.9102,4334189.292
15ASH20243,705764.5814,4334188.621,705764.5814,4334190.621,705764.9814,4334190.621,705764.9814,4334188.621
15ASH20244,705763.8717,4334188.566,705763.8717,4334190.566,705764.2717,4334190.566,705764.2717,4334188.566
15ASH20245,705763.0623,4334189.162,705763.0623,4334191.162,705763.4623,4334191.162,705763.4623,4334189.162
15ASH20246,705762.3523,4334189.202,705762.3523,4334191.202,705762.7523,4334191.202,705762.7523,4334189.202
15ASH20247,705761.3304,4334188.485,705761.3304,4334190.485,705761.7304,4334190.485,705761.7304,4334188.485
15ASH20248,705760.6221,4334188.502,705760.6221,4334190.502,705761.0221,4334190.502,705761.0221,4334188.502
15ASH20249,705759.786,4334189.178,705759.786,4334191.178,705760.186,4334191.178,705760.186,4334189.178
15ASH20250,705759.0753,4334189.18,705759.0753,4334191.18,705759.4753,4334191.18,705759.4753,4334189.18
15ASH20251,705758.1233,4334188.458,705758.1233,4334190.458,705758.5233,4334190.458,705758.5233,4334188.458
15ASH20252,705757.4141,4334188.4,705757.4141,4334190.4,705757.8141,4334190.4,705757.8141,4334188.4
15ASH20288,705757.4859,4334185.238,705757.4859,4334187.238,705757.8859,4334187.238,705757.8859,4334185.238
15ASH20287,705758.2009,4334185.193,705758.2009,4334187.193,705758.6009,4334187.193,705758.6009,4334185.193
15ASH20286,705759.1227,4334185.865,705759.1227,4334187.865,705759.5227,4334187.865,705759.5227,4334185.865
15ASH20285,705759.8276,4334185.864,705759.8276,4334187.864,705760.2276,4334187.864,705760.2276,4334185.864
15ASH20284,705760.676,4334185.077,705760.676,4334187.077,705761.076,4334187.077,705761.076,4334185.077
15ASH20283,705761.3858,4334185.083,705761.3858,4334187.083,705761.7858,4334187.083,705761.7858,4334185.083
15ASH20282,705762.2919,4334185.903,705762.2919,4334187.903,705762.6919,4334187.903,705762.6919,4334185.903
15ASH20281,705763.0025,4334185.837,705763.0025,4334187.837,705763.4025,4334187.837,705763.4025,4334185.837
15ASH20280,705763.887,4334185.18,705763.887,4334187.18,705764.287,4334187.18,705764.287,4334185.18
15ASH20279,705764.595,4334185.12,705764.595,4334187.12,705764.995,4334187.12,705764.995,4334185.12
15ASH20278,705765.6045,4334185.982,705765.6045,4334187.982,705766.0045,4334187.982,705766.0045,4334185.982
15ASH20277,705766.3135,4334185.936,705766.3135,4334187.936,705766.7135,4334187.936,705766.7135,4334185.936
15ASH20276,705767.1525,4334185.157,705767.1525,4334187.157,705767.5525,4334187.157,705767.5525,4334185.157
15ASH20275,705767.861,4334185.118,705767.861,4334187.118,705768.261,4334187.118,705768.261,4334185.118
15ASH20274,705768.6896,4334186.032,705768.6896,4334188.032,705769.0896,4334188.032,705769.0896,4334186.032
15ASH20273,705769.3987,4334185.98,705769.3987,4334187.98,705769.7987,4334187.98,705769.7987,4334185.98
15ASH20272,705770.3568,4334185.154,705770.3568,4334187.154,705770.7568,4334187.154,705770.7568,4334185.154
15ASH20271,705771.0656,4334185.15,705771.0656,4334187.15,705771.4656,4334187.15,705771.4656,4334185.15
15ASH20270,705772.0834,4334185.992,705772.0834,4334187.992,705772.4834,4334187.992,705772.4834,4334185.992
15ASH20269,705772.7923,4334185.784,705772.7923,4334187.784,705773.1923,4334187.784,705773.1923,4334185.784
15ASH20268,705773.5499,4334185.287,705773.5499,4334187.287,705773.9499,4334187.287,705773.9499,4334185.287
15ASH20267,705774.2584,4334185.211,705774.2584,4334187.211,705774.6584,4334187.211,705774.6584,4334185.211
15ASH20266,705775.3046,4334185.986,705775.3046,4334187.986,705775.7046,4334187.986,705775.7046,4334185.986
15ASH20265,705776.0203,4334185.898,705776.0203,4334187.898,705776.4203,4334187.898,705776.4203,4334185.898
15ASH20264,705776.8789,4334185.39,705776.8789,4334187.39,705777.2789,4334187.39,705777.2789,4334185.39
15ASH20263,705777.5863,4334185.337,705777.5863,4334187.337,705777.9863,4334187.337,705777.9863,4334185.337
15ASH20262,705778.4865,4334186.032,705778.4865,4334188.032,705778.8865,4334188.032,705778.8865,4334186.032
15ASH20261,705779.1927,4334185.978,705779.1927,4334187.978,705779.5927,4334187.978,705779.5927,4334185.978
15ASH20260,705780.1072,4334185.314,705780.1072,4334187.314,705780.5072,4334187.314,705780.5072,4334185.314
15ASH20259,705780.8158,4334185.295,705780.8158,4334187.295,705781.2158,4334187.295,705781.2158,4334185.295
15ASH20258,705781.7808,4334186.051,705781.7808,4334188.051,705782.1808,4334188.051,705782.1808,4334186.051
15ASH20257,705782.4911,4334185.991,705782.4911,4334187.991,705782.8911,4334187.991,705782.8911,4334185.991
15ASH20256,705783.326,4334185.339,705783.326,4334187.339,705783.726,4334187.339,705783.726,4334185.339
15ASH20255,705784.0474,4334185.285,705784.0474,4334187.285,705784.4474,4334187.285,705784.4474,4334185.285
15ASH20254,705785.0083,4334186.072,705785.0083,4334188.072,705785.4083,4334188.072,705785.4083,4334186.072
15ASH20253,705785.7211,4334186.045,705785.7211,4334188.045,705786.1211,4334188.045,705786.1211,4334186.045
15ASH20289,705785.6845,4334182.94,705785.6845,4334184.94,705786.0845,4334184.94,705786.0845,4334182.94
15ASH20290,705784.9732,4334182.93,705784.9732,4334184.93,705785.3732,4334184.93,705785.3732,4334182.93
15ASH20291,705783.9974,4334182.044,705783.9974,4334184.044,705784.3974,4334184.044,705784.3974,4334182.044
15ASH20292,705783.2881,4334182.019,705783.2881,4334184.019,705783.6881,4334184.019,705783.6881,4334182.019
15ASH20293,705782.4697,4334182.692,705782.4697,4334184.692,705782.8697,4334184.692,705782.8697,4334182.692
15ASH20294,705781.7599,4334182.725,705781.7599,4334184.725,705782.1599,4334184.725,705782.1599,4334182.725
15ASH20295,705780.8178,4334181.954,705780.8178,4334183.954,705781.2178,4334183.954,705781.2178,4334181.954
15ASH20296,705780.1113,4334181.965,705780.1113,4334183.965,705780.5113,4334183.965,705780.5113,4334181.965
15ASH20297,705779.2312,4334182.645,705779.2312,4334184.645,705779.6312,4334184.645,705779.6312,4334182.645
15ASH20298,705778.5223,4334182.605,705778.5223,4334184.605,705778.9223,4334184.605,705778.9223,4334182.605
15ASH20299,705777.5982,4334181.9,705777.5982,4334183.9,705777.9982,4334183.9,705777.9982,4334181.9
15ASH20300,705776.8966,4334182.009,705776.8966,4334184.009,705777.2966,4334184.009,705777.2966,4334182.009
15ASH20301,705776.0309,4334182.552,705776.0309,4334184.552,705776.4309,4334184.552,705776.4309,4334182.552
15ASH20302,705775.3241,4334182.624,705775.3241,4334184.624,705775.7241,4334184.624,705775.7241,4334182.624
15ASH20303,705774.3303,4334181.905,705774.3303,4334183.905,705774.7303,4334183.905,705774.7303,4334181.905
15ASH20304,705773.6228,4334181.866,705773.6228,4334183.866,705774.0228,4334183.866,705774.0228,4334181.866
15ASH20305,705772.7447,4334182.574,705772.7447,4334184.574,705773.1447,4334184.574,705773.1447,4334182.574
15ASH20306,705772.0354,4334182.61,705772.0354,4334184.61,705772.4354,4334184.61,705772.4354,4334182.61
15ASH20307,705771.0648,4334181.917,705771.0648,4334183.917,705771.4648,4334183.917,705771.4648,4334181.917
15ASH20308,705770.361,4334181.885,705770.361,4334183.885,705770.761,4334183.885,705770.761,4334181.885
15ASH20309,705769.481,4334182.533,705769.481,4334184.533,705769.881,4334184.533,705769.881,4334182.533
15ASH20310,705768.7729,4334182.575,705768.7729,4334184.575,705769.1729,4334184.575,705769.1729,4334182.575
15ASH20311,705767.8813,4334181.869,705767.8813,4334183.869,705768.2813,4334183.869,705768.2813,4334181.869
15ASH20312,705767.1716,4334181.965,705767.1716,4334183.965,705767.5716,4334183.965,705767.5716,4334181.965
15ASH20313,705766.3184,4334182.557,705766.3184,4334184.557,705766.7184,4334184.557,705766.7184,4334182.557
15ASH20314,705765.6084,4334182.597,705765.6084,4334184.597,705766.0084,4334184.597,705766.0084,4334182.597
15ASH20315,705764.6861,4334181.85,705764.6861,4334183.85,705765.0861,4334183.85,705765.0861,4334181.85
15ASH20316,705763.9773,4334181.847,705763.9773,4334183.847,705764.3773,4334183.847,705764.3773,4334181.847
15ASH20317,705763.0414,4334182.473,705763.0414,4334184.473,705763.4414,4334184.473,705763.4414,4334182.473
15ASH20318,705762.3313,4334182.447,705762.3313,4334184.447,705762.7313,4334184.447,705762.7313,4334182.447
15ASH20319,705761.4362,4334181.922,705761.4362,4334183.922,705761.8362,4334183.922,705761.8362,4334181.922
15ASH20320,705760.7289,4334181.914,705760.7289,4334183.914,705761.1289,4334183.914,705761.1289,4334181.914
15ASH20321,705759.859,4334182.509,705759.859,4334184.509,705760.259,4334184.509,705760.259,4334182.509
15ASH20322,705759.1506,4334182.529,705759.1506,4334184.529,705759.5506,4334184.529,705759.5506,4334182.529
15ASH20323,705758.1927,4334181.784,705758.1927,4334183.784,705758.5927,4334183.784,705758.5927,4334181.784
15ASH20324,705757.4839,4334181.831,705757.4839,4334183.831,705757.8839,4334183.831,705757.8839,4334181.831
15ASH20360,705757.4774,4334178.385,705757.4774,4334180.385,705757.8774,4334180.385,705757.8774,4334178.385
15ASH20359,705758.1902,4334178.369,705758.1902,4334180.369,705758.5902,4334180.369,705758.5902,4334178.369
15ASH20358,705759.2486,4334179.053,705759.2486,4334181.053,705759.6486,4334181.053,705759.6486,4334179.053
15ASH20357,705759.9579,4334179.08,705759.9579,4334181.08,705760.3579,4334181.08,705760.3579,4334179.08
15ASH20356,705760.7971,4334178.477,705760.7971,4334180.477,705761.1971,4334180.477,705761.1971,4334178.477
15ASH20355,705761.5199,4334178.37,705761.5199,4334180.37,705761.9199,4334180.37,705761.9199,4334178.37
15ASH20354,705762.4482,4334179.13,705762.4482,4334181.13,705762.8482,4334181.13,705762.8482,4334179.13
15ASH20353,705763.1562,4334179.018,705763.1562,4334181.018,705763.5562,4334181.018,705763.5562,4334179.018
15ASH20352,705764.0326,4334178.449,705764.0326,4334180.449,705764.4326,4334180.449,705764.4326,4334178.449
15ASH20351,705764.7415,4334178.42,705764.7415,4334180.42,705765.1415,4334180.42,705765.1415,4334178.42
15ASH20350,705765.6393,4334179.126,705765.6393,4334181.126,705766.0393,4334181.126,705766.0393,4334179.126
15ASH20349,705766.3514,4334179.091,705766.3514,4334181.091,705766.7514,4334181.091,705766.7514,4334179.091
15ASH20348,705767.2252,4334178.382,705767.2252,4334180.382,705767.6252,4334180.382,705767.6252,4334178.382
15ASH20347,705767.9344,4334178.359,705767.9344,4334180.359,705768.3344,4334180.359,705768.3344,4334178.359
15ASH20346,705768.8229,4334179.214,705768.8229,4334181.214,705769.2229,4334181.214,705769.2229,4334179.214
15ASH20345,705769.5317,4334179.175,705769.5317,4334181.175,705769.9317,4334181.175,705769.9317,4334179.175
15ASH20344,705770.4576,4334178.487,705770.4576,4334180.487,705770.8576,4334180.487,705770.8576,4334178.487
15ASH20343,705771.1648,4334178.481,705771.1648,4334180.481,705771.5648,4334180.481,705771.5648,4334178.481
15ASH20342,705771.995,4334179.26,705771.995,4334181.26,705772.395,4334181.26,705772.395,4334179.26
15ASH20341,705772.7011,4334179.26,705772.7011,4334181.26,705773.1011,4334181.26,705773.1011,4334179.26
15ASH20340,705773.5747,4334178.63,705773.5747,4334180.63,705773.9747,4334180.63,705773.9747,4334178.63
15ASH20339,705774.2906,4334178.573,705774.2906,4334180.573,705774.6906,4334180.573,705774.6906,4334178.573
15ASH20338,705775.3131,4334179.411,705775.3131,4334181.411,705775.7131,4334181.411,705775.7131,4334179.411
15ASH20337,705776.022,4334179.322,705776.022,4334181.322,705776.422,4334181.322,705776.422,4334179.322
15ASH20336,705776.747,4334178.671,705776.747,4334180.671,705777.147,4334180.671,705777.147,4334178.671
15ASH20335,705777.4625,4334178.545,705777.4625,4334180.545,705777.8625,4334180.545,705777.8625,4334178.545
15ASH20334,705778.5561,4334179.388,705778.5561,4334181.388,705778.9561,4334181.388,705778.9561,4334179.388
15ASH20333,705779.2546,4334179.253,705779.2546,4334181.253,705779.6546,4334181.253,705779.6546,4334179.253
15ASH20332,705780.1557,4334178.665,705780.1557,4334180.665,705780.5557,4334180.665,705780.5557,4334178.665
15ASH20331,705780.8648,4334178.671,705780.8648,4334180.671,705781.2648,4334180.671,705781.2648,4334178.671
15ASH20330,705781.6569,4334179.277,705781.6569,4334181.277,705782.0569,4334181.277,705782.0569,4334179.277
15ASH20329,705782.3652,4334179.256,705782.3652,4334181.256,705782.7652,4334181.256,705782.7652,4334179.256
15ASH20328,705783.364,4334178.666,705783.364,4334180.666,705783.764,4334180.666,705783.764,4334178.666
15ASH20327,705784.0739,4334178.691,705784.0739,4334180.691,705784.4739,4334180.691,705784.4739,4334178.691
15ASH20326,705785.0455,4334179.347,705785.0455,4334181.347,705785.4455,4334181.347,705785.4455,4334179.347
15ASH20325,705785.7551,4334179.321,705785.7551,4334181.321,705786.1551,4334181.321,705786.1551,4334179.321
15ASH20361,705785.7182,4334175.951,705785.7182,4334177.951,705786.1182,4334177.951,705786.1182,4334175.951
15ASH20362,705785.0082,4334176.06,705785.0082,4334178.06,705785.4082,4334178.06,705785.4082,4334176.06
15ASH20363,705784.0397,4334175.344,705784.0397,4334177.344,705784.4397,4334177.344,705784.4397,4334175.344
15ASH20364,705783.3225,4334175.365,705783.3225,4334177.365,705783.7225,4334177.365,705783.7225,4334175.365
15ASH20365,705782.5541,4334175.948,705782.5541,4334177.948,705782.9541,4334177.948,705782.9541,4334175.948
15ASH20366,705781.8426,4334175.939,705781.8426,4334177.939,705782.2426,4334177.939,705782.2426,4334175.939
15ASH20367,705780.8245,4334175.258,705780.8245,4334177.258,705781.2245,4334177.258,705781.2245,4334175.258
15ASH20368,705780.1151,4334175.293,705780.1151,4334177.293,705780.5151,4334177.293,705780.5151,4334175.293
15ASH20369,705779.2929,4334175.932,705779.2929,4334177.932,705779.6929,4334177.932,705779.6929,4334175.932
15ASH20370,705778.5846,4334175.986,705778.5846,4334177.986,705778.9846,4334177.986,705778.9846,4334175.986
15ASH20371,705777.6297,4334175.148,705777.6297,4334177.148,705778.0297,4334177.148,705778.0297,4334175.148
15ASH20372,705776.9172,4334175.274,705776.9172,4334177.274,705777.3172,4334177.274,705777.3172,4334175.274
15ASH20373,705776.1177,4334175.765,705776.1177,4334177.765,705776.5177,4334177.765,705776.5177,4334175.765
15ASH20374,705775.4082,4334175.941,705775.4082,4334177.941,705775.8082,4334177.941,705775.8082,4334175.941
15ASH20375,705774.407,4334175.216,705774.407,4334177.216,705774.807,4334177.216,705774.807,4334175.216
15ASH20376,705773.6988,4334175.217,705773.6988,4334177.217,705774.0988,4334177.217,705774.0988,4334175.217
15ASH20377,705772.8332,4334175.81,705772.8332,4334177.81,705773.2332,4334177.81,705773.2332,4334175.81
15ASH20378,705772.1181,4334175.865,705772.1181,4334177.865,705772.5181,4334177.865,705772.5181,4334175.865
15ASH20379,705771.1762,4334175.116,705771.1762,4334177.116,705771.5762,4334177.116,705771.5762,4334175.116
15ASH20380,705770.4682,4334175.117,705770.4682,4334177.117,705770.8682,4334177.117,705770.8682,4334175.117
15ASH20381,705769.5318,4334175.828,705769.5318,4334177.828,705769.9318,4334177.828,705769.9318,4334175.828
15ASH20382,705768.8244,4334175.831,705768.8244,4334177.831,705769.2244,4334177.831,705769.2244,4334175.831
15ASH20383,705767.9563,4334175.182,705767.9563,4334177.182,705768.3563,4334177.182,705768.3563,4334175.182
15ASH20384,705767.2386,4334175.181,705767.2386,4334177.181,705767.6386,4334177.181,705767.6386,4334175.181
15ASH20385,705766.292,4334175.845,705766.292,4334177.845,705766.692,4334177.845,705766.692,4334175.845
15ASH20386,705765.5819,4334175.833,705765.5819,4334177.833,705765.9819,4334177.833,705765.9819,4334175.833
15ASH20387,705764.7424,4334175.118,705764.7424,4334177.118,705765.1424,4334177.118,705765.1424,4334175.118
15ASH20388,705764.035,4334175.159,705764.035,4334177.159,705764.435,4334177.159,705764.435,4334175.159
15ASH20389,705763.1777,4334175.723,705763.1777,4334177.723,705763.5777,4334177.723,705763.5777,4334175.723
15ASH20390,705762.4704,4334175.81,705762.4704,4334177.81,705762.8704,4334177.81,705762.8704,4334175.81
15ASH20391,705761.4986,4334175.09,705761.4986,4334177.09,705761.8986,4334177.09,705761.8986,4334175.09
15ASH20392,705760.7881,4334175.201,705760.7881,4334177.201,705761.1881,4334177.201,705761.1881,4334175.201
15ASH20393,705759.8935,4334175.728,705759.8935,4334177.728,705760.2935,4334177.728,705760.2935,4334175.728
15ASH20394,705759.189,4334175.749,705759.189,4334177.749,705759.589,4334177.749,705759.589,4334175.749
15ASH20395,705758.2061,4334174.98,705758.2061,4334176.98,705758.6061,4334176.98,705758.6061,4334174.98
15ASH20396,705757.5002,4334175.134,705757.5002,4334177.134,705757.9002,4334177.134,705757.9002,4334175.134
15ASH20432,705757.5383,4334171.797,705757.5383,4334173.797,705757.9383,4334173.797,705757.9383,4334171.797
15ASH20431,705758.2475,4334171.813,705758.2475,4334173.813,705758.6475,4334173.813,705758.6475,4334171.813
15ASH20430,705759.2448,4334172.354,705759.2448,4334174.354,705759.6448,4334174.354,705759.6448,4334172.354
15ASH20429,705759.9531,4334172.456,705759.9531,4334174.456,705760.3531,4334174.456,705760.3531,4334172.456
15ASH20428,705760.768,4334171.827,705760.768,4334173.827,705761.168,4334173.827,705761.168,4334171.827
15ASH20427,705761.4771,4334171.835,705761.4771,4334173.835,705761.8771,4334173.835,705761.8771,4334171.835
15ASH20426,705762.4772,4334172.404,705762.4772,4334174.404,705762.8772,4334174.404,705762.8772,4334172.404
15ASH20425,705763.1893,4334172.338,705763.1893,4334174.338,705763.5893,4334174.338,705763.5893,4334172.338
15ASH20424,705764.119,4334171.812,705764.119,4334173.812,705764.519,4334173.812,705764.519,4334171.812
15ASH20423,705764.8289,4334171.768,705764.8289,4334173.768,705765.2289,4334173.768,705765.2289,4334171.768
15ASH20422,705765.6834,4334172.495,705765.6834,4334174.495,705766.0834,4334174.495,705766.0834,4334172.495
15ASH20421,705766.4104,4334172.464,705766.4104,4334174.464,705766.8104,4334174.464,705766.8104,4334172.464
15ASH20420,705767.2919,4334171.851,705767.2919,4334173.851,705767.6919,4334173.851,705767.6919,4334171.851
15ASH20419,705768.0012,4334171.864,705768.0012,4334173.864,705768.4012,4334173.864,705768.4012,4334171.864
15ASH20418,705768.8738,4334172.551,705768.8738,4334174.551,705769.2738,4334174.551,705769.2738,4334172.551
15ASH20417,705769.5832,4334172.529,705769.5832,4334174.529,705769.9832,4334174.529,705769.9832,4334172.529
15ASH20416,705770.4855,4334171.871,705770.4855,4334173.871,705770.8855,4334173.871,705770.8855,4334171.871
15ASH20415,705771.1941,4334171.881,705771.1941,4334173.881,705771.5941,4334173.881,705771.5941,4334171.881
15ASH20414,705772.213,4334172.504,705772.213,4334174.504,705772.613,4334174.504,705772.613,4334172.504
15ASH20413,705772.9223,4334172.487,705772.9223,4334174.487,705773.3223,4334174.487,705773.3223,4334172.487
15ASH20412,705773.752,4334171.912,705773.752,4334173.912,705774.152,4334173.912,705774.152,4334171.912
15ASH20411,705774.4626,4334171.867,705774.4626,4334173.867,705774.8626,4334173.867,705774.8626,4334171.867
15ASH20410,705775.4969,4334172.559,705775.4969,4334174.559,705775.8969,4334174.559,705775.8969,4334172.559
15ASH20409,705776.2108,4334172.511,705776.2108,4334174.511,705776.6108,4334174.511,705776.6108,4334172.511
15ASH20408,705777.063,4334171.944,705777.063,4334173.944,705777.463,4334173.944,705777.463,4334171.944
15ASH20407,705777.7738,4334171.802,705777.7738,4334173.802,705778.1738,4334173.802,705778.1738,4334171.802
15ASH20406,705778.6081,4334172.597,705778.6081,4334174.597,705779.0081,4334174.597,705779.0081,4334172.597
15ASH20405,705779.3163,4334172.607,705779.3163,4334174.607,705779.7163,4334174.607,705779.7163,4334172.607
15ASH20404,705780.1887,4334171.857,705780.1887,4334173.857,705780.5887,4334173.857,705780.5887,4334171.857
15ASH20403,705780.9067,4334171.807,705780.9067,4334173.807,705781.3067,4334173.807,705781.3067,4334171.807
15ASH20402,705781.8555,4334172.66,705781.8555,4334174.66,705782.2555,4334174.66,705782.2555,4334172.66
15ASH20401,705782.5652,4334172.621,705782.5652,4334174.621,705782.9652,4334174.621,705782.9652,4334172.621
15ASH20400,705783.431,4334171.981,705783.431,4334173.981,705783.831,4334173.981,705783.831,4334171.981
15ASH20399,705784.1404,4334171.887,705784.1404,4334173.887,705784.5404,4334173.887,705784.5404,4334171.887
15ASH20398,705785.0543,4334172.666,705785.0543,4334174.666,705785.4543,4334174.666,705785.4543,4334172.666
15ASH20397,705785.7642,4334172.611,705785.7642,4334174.611,705786.1642,4334174.611,705786.1642,4334172.611
15ASH20433,705785.7758,4334169.276,705785.7758,4334171.276,705786.1758,4334171.276,705786.1758,4334169.276
15ASH20434,705785.0648,4334169.369,705785.0648,4334171.369,705785.4648,4334171.369,705785.4648,4334169.369
15ASH20435,705784.089,4334168.539,705784.089,4334170.539,705784.489,4334170.539,705784.489,4334168.539
15ASH20436,705783.3824,4334168.627,705783.3824,4334170.627,705783.7824,4334170.627,705783.7824,4334168.627
15ASH20437,705782.6721,4334169.096,705782.6721,4334171.096,705783.0721,4334171.096,705783.0721,4334169.096
15ASH20438,705781.9656,4334169.177,705781.9656,4334171.177,705782.3656,4334171.177,705782.3656,4334169.177
15ASH20439,705780.9801,4334168.56,705780.9801,4334170.56,705781.3801,4334170.56,705781.3801,4334168.56
15ASH20440,705780.2722,4334168.613,705780.2722,4334170.613,705780.6722,4334170.613,705780.6722,4334168.613
15ASH20441,705779.3392,4334169.181,705779.3392,4334171.181,705779.7392,4334171.181,705779.7392,4334169.181
15ASH20442,705778.6303,4334169.217,705778.6303,4334171.217,705779.0303,4334171.217,705779.0303,4334169.217
15ASH20443,705777.692,4334168.458,705777.692,4334170.458,705778.092,4334170.458,705778.092,4334168.458
15ASH20444,705776.9866,4334168.512,705776.9866,4334170.512,705777.3866,4334170.512,705777.3866,4334168.512
15ASH20445,705776.1936,4334169.141,705776.1936,4334171.141,705776.5936,4334171.141,705776.5936,4334169.141
15ASH20446,705775.487,4334169.168,705775.487,4334171.168,705775.887,4334171.168,705775.887,4334169.168
15ASH20447,705774.5082,4334168.537,705774.5082,4334170.537,705774.9082,4334170.537,705774.9082,4334168.537
15ASH20448,705773.7981,4334168.534,705773.7981,4334170.534,705774.1981,4334170.534,705774.1981,4334168.534
15ASH20449,705772.8297,4334169.18,705772.8297,4334171.18,705773.2297,4334171.18,705773.2297,4334169.18
15ASH20450,705772.1206,4334169.2,705772.1206,4334171.2,705772.5206,4334171.2,705772.5206,4334169.2
15ASH20451,705771.1463,4334168.474,705771.1463,4334170.474,705771.5463,4334170.474,705771.5463,4334168.474
15ASH20452,705770.4383,4334168.516,705770.4383,4334170.516,705770.8383,4334170.516,705770.8383,4334168.516
15ASH20453,705769.6542,4334169.108,705769.6542,4334171.108,705770.0542,4334171.108,705770.0542,4334169.108
15ASH20454,705768.9388,4334169.166,705768.9388,4334171.166,705769.3388,4334171.166,705769.3388,4334169.166
15ASH20455,705768.0465,4334168.443,705768.0465,4334170.443,705768.4465,4334170.443,705768.4465,4334168.443
15ASH20456,705767.3375,4334168.498,705767.3375,4334170.498,705767.7375,4334170.498,705767.7375,4334168.498
15ASH20457,705766.4268,4334169.19,705766.4268,4334171.19,705766.8268,4334171.19,705766.8268,4334169.19
15ASH20458,705765.7161,4334169.165,705765.7161,4334171.165,705766.1161,4334171.165,705766.1161,4334169.165
15ASH20459,705764.7462,4334168.355,705764.7462,4334170.355,705765.1462,4334170.355,705765.1462,4334168.355
15ASH20460,705764.0487,4334168.465,705764.0487,4334170.465,705764.4487,4334170.465,705764.4487,4334168.465
15ASH20461,705763.2165,4334168.998,705763.2165,4334170.998,705763.6165,4334170.998,705763.6165,4334168.998
15ASH20462,705762.513,4334169.049,705762.513,4334171.049,705762.913,4334171.049,705762.913,4334169.049
15ASH20463,705761.5297,4334168.384,705761.5297,4334170.384,705761.9297,4334170.384,705761.9297,4334168.384
15ASH20464,705760.8193,4334168.441,705760.8193,4334170.441,705761.2193,4334170.441,705761.2193,4334168.441
15ASH20465,705759.9979,4334169.029,705759.9979,4334171.029,705760.3979,4334171.029,705760.3979,4334169.029
15ASH20466,705759.2893,4334169.02,705759.2893,4334171.02,705759.6893,4334171.02,705759.6893,4334169.02
15ASH20467,705758.3036,4334168.43,705758.3036,4334170.43,705758.7036,4334170.43,705758.7036,4334168.43
15ASH20468,705757.5926,4334168.411,705757.5926,4334170.411,705757.9926,4334170.411,705757.9926,4334168.411
15ASH20504,705757.6452,4334165.188,705757.6452,4334167.188,705758.0452,4334167.188,705758.0452,4334165.188
15ASH20503,705758.354,4334165.082,705758.354,4334167.082,705758.754,4334167.082,705758.754,4334165.082
15ASH20502,705759.2706,4334165.606,705759.2706,4334167.606,705759.6706,4334167.606,705759.6706,4334165.606
15ASH20501,705759.9798,4334165.62,705759.9798,4334167.62,705760.3798,4334167.62,705760.3798,4334165.62
15ASH20500,705760.8596,4334165.166,705760.8596,4334167.166,705761.2596,4334167.166,705761.2596,4334165.166
15ASH20499,705761.5696,4334165.127,705761.5696,4334167.127,705761.9696,4334167.127,705761.9696,4334165.127
15ASH20498,705762.4966,4334165.686,705762.4966,4334167.686,705762.8966,4334167.686,705762.8966,4334165.686
15ASH20497,705763.2071,4334165.736,705763.2071,4334167.736,705763.6071,4334167.736,705763.6071,4334165.736
15ASH20496,705764.1271,4334165.106,705764.1271,4334167.106,705764.5271,4334167.106,705764.5271,4334165.106
15ASH20495,705764.8349,4334165.088,705764.8349,4334167.088,705765.2349,4334167.088,705765.2349,4334165.088
15ASH20494,705765.8037,4334165.778,705765.8037,4334167.778,705766.2037,4334167.778,705766.2037,4334165.778
15ASH20493,705766.5125,4334165.796,705766.5125,4334167.796,705766.9125,4334167.796,705766.9125,4334165.796
15ASH20492,705767.3694,4334165.147,705767.3694,4334167.147,705767.7694,4334167.147,705767.7694,4334165.147
15ASH20491,705768.0785,4334165.028,705768.0785,4334167.028,705768.4785,4334167.028,705768.4785,4334165.028
15ASH20490,705768.975,4334165.8,705768.975,4334167.8,705769.375,4334167.8,705769.375,4334165.8
15ASH20489,705769.6837,4334165.757,705769.6837,4334167.757,705770.0837,4334167.757,705770.0837,4334165.757
15ASH20488,705770.5227,4334165.217,705770.5227,4334167.217,705770.9227,4334167.217,705770.9227,4334165.217
15ASH20487,705771.2319,4334165.182,705771.2319,4334167.182,705771.6319,4334167.182,705771.6319,4334165.182
15ASH20486,705772.204,4334165.784,705772.204,4334167.784,705772.604,4334167.784,705772.604,4334165.784
15ASH20485,705772.9137,4334165.768,705772.9137,4334167.768,705773.3137,4334167.768,705773.3137,4334165.768
15ASH20484,705773.799,4334165.145,705773.799,4334167.145,705774.199,4334167.145,705774.199,4334165.145
15ASH20483,705774.5088,4334165.125,705774.5088,4334167.125,705774.9088,4334167.125,705774.9088,4334165.125
15ASH20482,705775.4272,4334165.83,705775.4272,4334167.83,705775.8272,4334167.83,705775.8272,4334165.83
15ASH20481,705776.1323,4334165.95,705776.1323,4334167.95,705776.5323,4334167.95,705776.5323,4334165.95
15ASH20480,705777.0273,4334165.274,705777.0273,4334167.274,705777.4273,4334167.274,705777.4273,4334165.274
15ASH20479,705777.7351,4334165.331,705777.7351,4334167.331,705778.1351,4334167.331,705778.1351,4334165.331
15ASH20478,705778.5757,4334165.92,705778.5757,4334167.92,705778.9757,4334167.92,705778.9757,4334165.92
15ASH20477,705779.2844,4334165.826,705779.2844,4334167.826,705779.6844,4334167.826,705779.6844,4334165.826
15ASH20476,705780.1901,4334165.304,705780.1901,4334167.304,705780.5901,4334167.304,705780.5901,4334165.304
15ASH20475,705780.8988,4334165.267,705780.8988,4334167.267,705781.2988,4334167.267,705781.2988,4334165.267
15ASH20474,705781.8241,4334165.933,705781.8241,4334167.933,705782.2241,4334167.933,705782.2241,4334165.933
15ASH20473,705782.5353,4334165.8,705782.5353,4334167.8,705782.9353,4334167.8,705782.9353,4334165.8
15ASH20472,705783.4094,4334165.347,705783.4094,4334167.347,705783.8094,4334167.347,705783.8094,4334165.347
15ASH20471,705784.1177,4334165.167,705784.1177,4334167.167,705784.5177,4334167.167,705784.5177,4334165.167
15ASH20470,705784.9757,4334166.036,705784.9757,4334168.036,705785.3757,4334168.036,705785.3757,4334166.036
15ASH20469,705785.6864,4334166.052,705785.6864,4334168.052,705786.0864,4334168.052,705786.0864,4334166.052
15ASH20505,705785.7873,4334162.652,705785.7873,4334164.652,705786.1873,4334164.652,705786.1873,4334162.652
15ASH20506,705785.0703,4334162.608,705785.0703,4334164.608,705785.4703,4334164.608,705785.4703,4334162.608
15ASH20507,705784.1089,4334161.834,705784.1089,4334163.834,705784.5089,4334163.834,705784.5089,4334161.834
15ASH20508,705783.4054,4334161.877,705783.4054,4334163.877,705783.8054,4334163.877,705783.8054,4334161.877
15ASH20509,705782.5753,4334162.517,705782.5753,4334164.517,705782.9753,4334164.517,705782.9753,4334162.517
15ASH20510,705781.8665,4334162.496,705781.8665,4334164.496,705782.2665,4334164.496,705782.2665,4334162.496
15ASH20511,705780.9886,4334161.832,705780.9886,4334163.832,705781.3886,4334163.832,705781.3886,4334161.832
15ASH20512,705780.2806,4334161.979,705780.2806,4334163.979,705780.6806,4334163.979,705780.6806,4334161.979
15ASH20513,705779.392,4334162.439,705779.392,4334164.439,705779.792,4334164.439,705779.792,4334162.439
15ASH20514,705778.6822,4334162.493,705778.6822,4334164.493,705779.0822,4334164.493,705779.0822,4334162.493
15ASH20515,705777.7306,4334161.827,705777.7306,4334163.827,705778.1306,4334163.827,705778.1306,4334161.827
15ASH20516,705777.0281,4334161.913,705777.0281,4334163.913,705777.4281,4334163.913,705777.4281,4334161.913
15ASH20517,705776.1905,4334162.627,705776.1905,4334164.627,705776.5905,4334164.627,705776.5905,4334162.627
15ASH20518,705775.4806,4334162.688,705775.4806,4334164.688,705775.8806,4334164.688,705775.8806,4334162.688
15ASH20519,705774.5827,4334161.748,705774.5827,4334163.748,705774.9827,4334163.748,705774.9827,4334161.748
15ASH20520,705773.8731,4334161.722,705773.8731,4334163.722,705774.2731,4334163.722,705774.2731,4334161.722
15ASH20521,705772.9381,4334162.478,705772.9381,4334164.478,705773.3381,4334164.478,705773.3381,4334162.478
15ASH20522,705772.2278,4334162.535,705772.2278,4334164.535,705772.6278,4334164.535,705772.6278,4334162.535
15ASH20523,705771.3269,4334161.754,705771.3269,4334163.754,705771.7269,4334163.754,705771.7269,4334161.754
15ASH20524,705770.6197,4334161.825,705770.6197,4334163.825,705771.0197,4334163.825,705771.0197,4334161.825
15ASH20525,705769.74,4334162.45,705769.74,4334164.45,705770.14,4334164.45,705770.14,4334162.45
15ASH20526,705769.0322,4334162.508,705769.0322,4334164.508,705769.4322,4334164.508,705769.4322,4334162.508
15ASH20527,705768.0716,4334161.686,705768.0716,4334163.686,705768.4716,4334163.686,705768.4716,4334161.686
15ASH20528,705767.3623,4334161.685,705767.3623,4334163.685,705767.7623,4334163.685,705767.7623,4334161.685
15ASH20529,705766.4993,4334162.367,705766.4993,4334164.367,705766.8993,4334164.367,705766.8993,4334162.367
15ASH20530,705765.7898,4334162.374,705765.7898,4334164.374,705766.1898,4334164.374,705766.1898,4334162.374
15ASH20531,705764.8899,4334161.758,705764.8899,4334163.758,705765.2899,4334163.758,705765.2899,4334161.758
15ASH20532,705764.1781,4334161.752,705764.1781,4334163.752,705764.5781,4334163.752,705764.5781,4334161.752
15ASH20533,705763.2506,4334162.425,705763.2506,4334164.425,705763.6506,4334164.425,705763.6506,4334162.425
15ASH20534,705762.5455,4334162.468,705762.5455,4334164.468,705762.9455,4334164.468,705762.9455,4334162.468
15ASH20535,705761.6272,4334161.701,705761.6272,4334163.701,705762.0272,4334163.701,705762.0272,4334161.701
15ASH20536,705760.9175,4334161.675,705760.9175,4334163.675,705761.3175,4334163.675,705761.3175,4334161.675
15ASH20537,705759.9668,4334162.366,705759.9668,4334164.366,705760.3668,4334164.366,705760.3668,4334162.366
15ASH20538,705759.2593,4334162.367,705759.2593,4334164.367,705759.6593,4334164.367,705759.6593,4334162.367
15ASH20539,705758.4209,4334161.702,705758.4209,4334163.702,705758.8209,4334163.702,705758.8209,4334161.702
15ASH20540,705757.7128,4334161.728,705757.7128,4334163.728,705758.1128,4334163.728,705758.1128,4334161.728
15ASH20576,705757.7451,4334158.336,705757.7451,4334160.336,705758.1451,4334160.336,705758.1451,4334158.336
15ASH20575,705758.4551,4334158.256,705758.4551,4334160.256,705758.8551,4334160.256,705758.8551,4334158.256
15ASH20574,705759.3974,4334158.915,705759.3974,4334160.915,705759.7974,4334160.915,705759.7974,4334158.915
15ASH20573,705760.1067,4334158.929,705760.1067,4334160.929,705760.5067,4334160.929,705760.5067,4334158.929
15ASH20572,705761.004,4334158.262,705761.004,4334160.262,705761.404,4334160.262,705761.404,4334158.262
15ASH20571,705761.7156,4334158.287,705761.7156,4334160.287,705762.1156,4334160.287,705762.1156,4334158.287
15ASH20570,705762.644,4334158.975,705762.644,4334160.975,705763.044,4334160.975,705763.044,4334158.975
15ASH20569,705763.3533,4334159.001,705763.3533,4334161.001,705763.7533,4334161.001,705763.7533,4334159.001
15ASH20568,705764.2077,4334158.491,705764.2077,4334160.491,705764.6077,4334160.491,705764.6077,4334158.491
15ASH20567,705764.9169,4334158.406,705764.9169,4334160.406,705765.3169,4334160.406,705765.3169,4334158.406
15ASH20566,705765.7719,4334159.04,705765.7719,4334161.04,705766.1719,4334161.04,705766.1719,4334159.04
15ASH20565,705766.4821,4334158.976,705766.4821,4334160.976,705766.8821,4334160.976,705766.8821,4334158.976
15ASH20564,705767.4519,4334158.376,705767.4519,4334160.376,705767.8519,4334160.376,705767.8519,4334158.376
15ASH20563,705768.1731,4334158.288,705768.1731,4334160.288,705768.5731,4334160.288,705768.5731,4334158.288
15ASH20562,705769.0615,4334159.032,705769.0615,4334161.032,705769.4615,4334161.032,705769.4615,4334159.032
15ASH20561,705769.7699,4334158.994,705769.7699,4334160.994,705770.1699,4334160.994,705770.1699,4334158.994
15ASH20560,705770.5969,4334158.428,705770.5969,4334160.428,705770.9969,4334160.428,705770.9969,4334158.428
15ASH20559,705771.3064,4334158.41,705771.3064,4334160.41,705771.7064,4334160.41,705771.7064,4334158.41
15ASH20558,705772.2867,4334159.087,705772.2867,4334161.087,705772.6867,4334161.087,705772.6867,4334159.087
15ASH20557,705772.9959,4334159.078,705772.9959,4334161.078,705773.3959,4334161.078,705773.3959,4334159.078
15ASH20556,705773.9038,4334158.456,705773.9038,4334160.456,705774.3038,4334160.456,705774.3038,4334158.456
15ASH20555,705774.6106,4334158.433,705774.6106,4334160.433,705775.0106,4334160.433,705775.0106,4334158.433
15ASH20554,705775.5267,4334159.123,705775.5267,4334161.123,705775.9267,4334161.123,705775.9267,4334159.123
15ASH20553,705776.2358,4334159.098,705776.2358,4334161.098,705776.6358,4334161.098,705776.6358,4334159.098
15ASH20552,705777.0195,4334158.457,705777.0195,4334160.457,705777.4195,4334160.457,705777.4195,4334158.457
15ASH20551,705777.7262,4334158.401,705777.7262,4334160.401,705778.1262,4334160.401,705778.1262,4334158.401
15ASH20550,705778.6948,4334159.311,705778.6948,4334161.311,705779.0948,4334161.311,705779.0948,4334159.311
15ASH20549,705779.4013,4334159.266,705779.4013,4334161.266,705779.8013,4334161.266,705779.8013,4334159.266
15ASH20548,705780.3222,4334158.49,705780.3222,4334160.49,705780.7222,4334160.49,705780.7222,4334158.49
15ASH20547,705781.0293,4334158.42,705781.0293,4334160.42,705781.4293,4334160.42,705781.4293,4334158.42
15ASH20546,705781.9538,4334159.255,705781.9538,4334161.255,705782.3538,4334161.255,705782.3538,4334159.255
15ASH20545,705782.6628,4334159.152,705782.6628,4334161.152,705783.0628,4334161.152,705783.0628,4334159.152
15ASH20544,705783.4737,4334158.634,705783.4737,4334160.634,705783.8737,4334160.634,705783.8737,4334158.634
15ASH20543,705784.1962,4334158.42,705784.1962,4334160.42,705784.5962,4334160.42,705784.5962,4334158.42
15ASH20542,705785.2682,4334159.246,705785.2682,4334161.246,705785.6682,4334161.246,705785.6682,4334159.246
15ASH20541,705785.9798,4334159.181,705785.9798,4334161.181,705786.3798,4334161.181,705786.3798,4334159.181
15ASH20577,705786.02,4334156.035,705786.02,4334158.035,705786.42,4334158.035,705786.42,4334156.035
15ASH20578,705785.3092,4334155.959,705785.3092,4334157.959,705785.7092,4334157.959,705785.7092,4334155.959
15ASH20579,705784.3364,4334155.098,705784.3364,4334157.098,705784.7364,4334157.098,705784.7364,4334155.098
15ASH20580,705783.6274,4334155.258,705783.6274,4334157.258,705784.0274,4334157.258,705784.0274,4334155.258
15ASH20581,705782.7277,4334155.894,705782.7277,4334157.894,705783.1277,4334157.894,705783.1277,4334155.894
15ASH20582,705782.0321,4334155.839,705782.0321,4334157.839,705782.4321,4334157.839,705782.4321,4334155.839
15ASH20583,705781.0302,4334155.139,705781.0302,4334157.139,705781.4302,4334157.139,705781.4302,4334155.139
15ASH20584,705780.321,4334155.158,705780.321,4334157.158,705780.721,4334157.158,705780.721,4334155.158
15ASH20585,705779.4134,4334155.803,705779.4134,4334157.803,705779.8134,4334157.803,705779.8134,4334155.803
15ASH20586,705778.7045,4334155.808,705778.7045,4334157.808,705779.1045,4334157.808,705779.1045,4334155.808
15ASH20587,705777.8156,4334155,705777.8156,4334157,705778.2156,4334157,705778.2156,4334155
15ASH20588,705777.1068,4334155.037,705777.1068,4334157.037,705777.5068,4334157.037,705777.5068,4334155.037
15ASH20589,705776.2706,4334155.762,705776.2706,4334157.762,705776.6706,4334157.762,705776.6706,4334155.762
15ASH20590,705775.5577,4334155.809,705775.5577,4334157.809,705775.9577,4334157.809,705775.9577,4334155.809
15ASH20591,705774.6437,4334155.052,705774.6437,4334157.052,705775.0437,4334157.052,705775.0437,4334155.052
15ASH20592,705773.9377,4334155.035,705773.9377,4334157.035,705774.3377,4334157.035,705774.3377,4334155.035
15ASH20593,705772.9895,4334155.46,705772.9895,4334157.46,705773.3895,4334157.46,705773.3895,4334155.46
15ASH20594,705772.2814,4334155.577,705772.2814,4334157.577,705772.6814,4334157.577,705772.6814,4334155.577
15ASH20595,705771.4194,4334155.009,705771.4194,4334157.009,705771.8194,4334157.009,705771.8194,4334155.009
15ASH20596,705770.7093,4334155.019,705770.7093,4334157.019,705771.1093,4334157.019,705771.1093,4334155.019
15ASH20597,705769.8495,4334155.641,705769.8495,4334157.641,705770.2495,4334157.641,705770.2495,4334155.641
15ASH20598,705769.1391,4334155.652,705769.1391,4334157.652,705769.5391,4334157.652,705769.5391,4334155.652
15ASH20599,705768.2218,4334154.98,705768.2218,4334156.98,705768.6218,4334156.98,705768.6218,4334154.98
15ASH20600,705767.5138,4334155.042,705767.5138,4334157.042,705767.9138,4334157.042,705767.9138,4334155.042
15ASH20601,705766.5744,4334155.627,705766.5744,4334157.627,705766.9744,4334157.627,705766.9744,4334155.627
15ASH20602,705765.866,4334155.728,705765.866,4334157.728,705766.266,4334157.728,705766.266,4334155.728
15ASH20603,705764.9523,4334154.937,705764.9523,4334156.937,705765.3523,4334156.937,705765.3523,4334154.937
15ASH20604,705764.2436,4334154.922,705764.2436,4334156.922,705764.6436,4334156.922,705764.6436,4334154.922
15ASH20605,705763.4071,4334155.711,705763.4071,4334157.711,705763.8071,4334157.711,705763.8071,4334155.711
15ASH20606,705762.6985,4334155.752,705762.6985,4334157.752,705763.0985,4334157.752,705763.0985,4334155.752
15ASH20607,705761.7088,4334155.042,705761.7088,4334157.042,705762.1088,4334157.042,705762.1088,4334155.042
15ASH20608,705760.9978,4334155.022,705760.9978,4334157.022,705761.3978,4334157.022,705761.3978,4334155.022
15ASH20609,705760.1074,4334155.545,705760.1074,4334157.545,705760.5074,4334157.545,705760.5074,4334155.545
15ASH20610,705759.3964,4334155.52,705759.3964,4334157.52,705759.7964,4334157.52,705759.7964,4334155.52
15ASH20611,705758.4394,4334154.928,705758.4394,4334156.928,705758.8394,4334156.928,705758.8394,4334154.928
15ASH20612,705757.7275,4334155.046,705757.7275,4334157.046,705758.1275,4334157.046,705758.1275,4334155.046
15ASH20648,705757.8064,4334151.693,705757.8064,4334153.693,705758.2064,4334153.693,705758.2064,4334151.693
15ASH20647,705758.521,4334151.583,705758.521,4334153.583,705758.921,4334153.583,705758.921,4334151.583
15ASH20646,705759.4895,4334152.067,705759.4895,4334154.067,705759.8895,4334154.067,705759.8895,4334152.067
15ASH20645,705760.1982,4334152.097,705760.1982,4334154.097,705760.5982,4334154.097,705760.5982,4334152.097
15ASH20644,705761.0507,4334151.758,705761.0507,4334153.758,705761.4507,4334153.758,705761.4507,4334151.758
15ASH20643,705761.7657,4334151.649,705761.7657,4334153.649,705762.1657,4334153.649,705762.1657,4334151.649
15ASH20642,705762.652,4334152.333,705762.652,4334154.333,705763.052,4334154.333,705763.052,4334152.333
15ASH20641,705763.3606,4334152.3,705763.3606,4334154.3,705763.7606,4334154.3,705763.7606,4334152.3
15ASH20640,705764.3182,4334151.811,705764.3182,4334153.811,705764.7182,4334153.811,705764.7182,4334151.811
15ASH20639,705765.0274,4334151.741,705765.0274,4334153.741,705765.4274,4334153.741,705765.4274,4334151.741
15ASH20638,705765.9004,4334152.319,705765.9004,4334154.319,705766.3004,4334154.319,705766.3004,4334152.319
15ASH20637,705766.6071,4334152.266,705766.6071,4334154.266,705767.0071,4334154.266,705767.0071,4334152.266
15ASH20636,705767.5256,4334151.788,705767.5256,4334153.788,705767.9256,4334153.788,705767.9256,4334151.788
15ASH20635,705768.2339,4334151.758,705768.2339,4334153.758,705768.6339,4334153.758,705768.6339,4334151.758
15ASH20634,705769.1608,4334152.339,705769.1608,4334154.339,705769.5608,4334154.339,705769.5608,4334152.339
15ASH20633,705769.874,4334152.316,705769.874,4334154.316,705770.274,4334154.316,705770.274,4334152.316
15ASH20632,705770.7263,4334151.761,705770.7263,4334153.761,705771.1263,4334153.761,705771.1263,4334151.761
15ASH20631,705771.4336,4334151.713,705771.4336,4334153.713,705771.8336,4334153.713,705771.8336,4334151.713
15ASH20630,705772.3424,4334152.458,705772.3424,4334154.458,705772.7424,4334154.458,705772.7424,4334152.458
15ASH20629,705773.0527,4334152.409,705773.0527,4334154.409,705773.4527,4334154.409,705773.4527,4334152.409
15ASH20628,705773.9493,4334151.727,705773.9493,4334153.727,705774.3493,4334153.727,705774.3493,4334151.727
15ASH20627,705774.6593,4334151.685,705774.6593,4334153.685,705775.0593,4334153.685,705775.0593,4334151.685
15ASH20626,705775.6209,4334152.427,705775.6209,4334154.427,705776.0209,4334154.427,705776.0209,4334152.427
15ASH20625,705776.336,4334152.391,705776.336,4334154.391,705776.736,4334154.391,705776.736,4334152.391
15ASH20624,705777.1533,4334151.813,705777.1533,4334153.813,705777.5533,4334153.813,705777.5533,4334151.813
15ASH20623,705777.8625,4334151.741,705777.8625,4334153.741,705778.2625,4334153.741,705778.2625,4334151.741
15ASH20622,705778.8328,4334152.43,705778.8328,4334154.43,705779.2328,4334154.43,705779.2328,4334152.43
15ASH20621,705779.5337,4334152.333,705779.5337,4334154.333,705779.9337,4334154.333,705779.9337,4334152.333
15ASH20620,705780.4088,4334151.837,705780.4088,4334153.837,705780.8088,4334153.837,705780.8088,4334151.837
15ASH20619,705781.1167,4334151.778,705781.1167,4334153.778,705781.5167,4334153.778,705781.5167,4334151.778
15ASH20618,705782.0561,4334152.546,705782.0561,4334154.546,705782.4561,4334154.546,705782.4561,4334152.546
15ASH20617,705782.7512,4334152.43,705782.7512,4334154.43,705783.1512,4334154.43,705783.1512,4334152.43
15ASH20616,705783.5707,4334151.861,705783.5707,4334153.861,705783.9707,4334153.861,705783.9707,4334151.861
15ASH20615,705784.2803,4334151.822,705784.2803,4334153.822,705784.6803,4334153.822,705784.6803,4334151.822
15ASH20614,705785.2199,4334152.635,705785.2199,4334154.635,705785.6199,4334154.635,705785.6199,4334152.635
15ASH20613,705785.9299,4334152.506,705785.9299,4334154.506,705786.3299,4334154.506,705786.3299,4334152.506
15ASH20649,705786.0258,4334149.297,705786.0258,4334151.297,705786.4258,4334151.297,705786.4258,4334149.297
15ASH20650,705785.3171,4334149.229,705785.3171,4334151.229,705785.7171,4334151.229,705785.7171,4334149.229
15ASH20651,705784.2932,4334148.542,705784.2932,4334150.542,705784.6932,4334150.542,705784.6932,4334148.542
15ASH20652,705783.584,4334148.489,705783.584,4334150.489,705783.984,4334150.489,705783.984,4334148.489
15ASH20653,705782.6898,4334149.138,705782.6898,4334151.138,705783.0898,4334151.138,705783.0898,4334149.138
15ASH20654,705781.9836,4334149.125,705781.9836,4334151.125,705782.3836,4334151.125,705782.3836,4334149.125
15ASH20655,705781.1173,4334148.53,705781.1173,4334150.53,705781.5173,4334150.53,705781.5173,4334148.53
15ASH20656,705780.4087,4334148.475,705780.4087,4334150.475,705780.8087,4334150.475,705780.8087,4334148.475
15ASH20657,705779.56,4334149.17,705779.56,4334151.17,705779.96,4334151.17,705779.96,4334149.17
15ASH20658,705778.8464,4334149.107,705778.8464,4334151.107,705779.2464,4334151.107,705779.2464,4334149.107
15ASH20659,705777.887,4334148.416,705777.887,4334150.416,705778.287,4334150.416,705778.287,4334148.416
15ASH20660,705777.1789,4334148.381,705777.1789,4334150.381,705777.5789,4334150.381,705777.5789,4334148.381
15ASH20661,705776.3242,4334149.151,705776.3242,4334151.151,705776.7242,4334151.151,705776.7242,4334149.151
15ASH20662,705775.614,4334149.174,705775.614,4334151.174,705776.014,4334151.174,705776.014,4334149.174
15ASH20663,705774.6255,4334148.461,705774.6255,4334150.461,705775.0255,4334150.461,705775.0255,4334148.461
15ASH20664,705773.9133,4334148.573,705773.9133,4334150.573,705774.3133,4334150.573,705774.3133,4334148.573
15ASH20665,705773.0699,4334148.99,705773.0699,4334150.99,705773.4699,4334150.99,705773.4699,4334148.99
15ASH20666,705772.3617,4334149.063,705772.3617,4334151.063,705772.7617,4334151.063,705772.7617,4334149.063
15ASH20667,705771.4261,4334148.329,705771.4261,4334150.329,705771.8261,4334150.329,705771.8261,4334148.329
15ASH20668,705770.7192,4334148.403,705770.7192,4334150.403,705771.1192,4334150.403,705771.1192,4334148.403
15ASH20669,705769.8217,4334149.011,705769.8217,4334151.011,705770.2217,4334151.011,705770.2217,4334149.011
15ASH20670,705769.1203,4334148.999,705769.1203,4334150.999,705769.5203,4334150.999,705769.5203,4334148.999
15ASH20671,705768.3122,4334148.334,705768.3122,4334150.334,705768.7122,4334150.334,705768.7122,4334148.334
15ASH20672,705767.6023,4334148.436,705767.6023,4334150.436,705768.0023,4334150.436,705768.0023,4334148.436
15ASH20673,705766.7052,4334148.967,705766.7052,4334150.967,705767.1052,4334150.967,705767.1052,4334148.967
15ASH20674,705765.9982,4334148.976,705765.9982,4334150.976,705766.3982,4334150.976,705766.3982,4334148.976
15ASH20675,705764.9068,4334148.357,705764.9068,4334150.357,705765.3068,4334150.357,705765.3068,4334148.357
15ASH20676,705764.1988,4334148.352,705764.1988,4334150.352,705764.5988,4334150.352,705764.5988,4334148.352
15ASH20677,705763.3804,4334148.962,705763.3804,4334150.962,705763.7804,4334150.962,705763.7804,4334148.962
15ASH20678,705762.6719,4334149.081,705762.6719,4334151.081,705763.0719,4334151.081,705763.0719,4334149.081
15ASH20679,705761.7689,4334148.458,705761.7689,4334150.458,705762.1689,4334150.458,705762.1689,4334148.458
15ASH20680,705761.059,4334148.328,705761.059,4334150.328,705761.459,4334150.328,705761.459,4334148.328
15ASH20681,705760.2303,4334148.868,705760.2303,4334150.868,705760.6303,4334150.868,705760.6303,4334148.868
15ASH20682,705759.5215,4334148.87,705759.5215,4334150.87,705759.9215,4334150.87,705759.9215,4334148.87
15ASH20683,705758.5004,4334148.18,705758.5004,4334150.18,705758.9004,4334150.18,705758.9004,4334148.18
15ASH20684,705757.7912,4334148.274,705757.7912,4334150.274,705758.1912,4334150.274,705758.1912,4334148.274
15ASH20720,705757.7932,4334144.97,705757.7932,4334146.97,705758.1932,4334146.97,705758.1932,4334144.97
15ASH20719,705758.5017,4334144.851,705758.5017,4334146.851,705758.9017,4334146.851,705758.9017,4334144.851
15ASH20718,705759.519,4334145.496,705759.519,4334147.496,705759.919,4334147.496,705759.919,4334145.496
15ASH20717,705760.229,4334145.593,705760.229,4334147.593,705760.629,4334147.593,705760.629,4334145.593
15ASH20716,705761.0822,4334144.978,705761.0822,4334146.978,705761.4822,4334146.978,705761.4822,4334144.978
15ASH20715,705761.792,4334144.91,705761.792,4334146.91,705762.192,4334146.91,705762.192,4334144.91
15ASH20714,705762.671,4334145.487,705762.671,4334147.487,705763.071,4334147.487,705763.071,4334145.487
15ASH20713,705763.3738,4334145.58,705763.3738,4334147.58,705763.7738,4334147.58,705763.7738,4334145.58
15ASH20712,705764.2475,4334145.043,705764.2475,4334147.043,705764.6475,4334147.043,705764.6475,4334145.043
15ASH20711,705764.9574,4334144.951,705764.9574,4334146.951,705765.3574,4334146.951,705765.3574,4334144.951
15ASH20710,705766.1039,4334145.596,705766.1039,4334147.596,705766.5039,4334147.596,705766.5039,4334145.596
15ASH20709,705766.8159,4334145.533,705766.8159,4334147.533,705767.2159,4334147.533,705767.2159,4334145.533
15ASH20708,705767.6602,4334145.065,705767.6602,4334147.065,705768.0602,4334147.065,705768.0602,4334145.065
15ASH20707,705768.3561,4334144.978,705768.3561,4334146.978,705768.7561,4334146.978,705768.7561,4334144.978
15ASH20706,705769.207,4334145.651,705769.207,4334147.651,705769.607,4334147.651,705769.607,4334145.651
15ASH20705,705769.9165,4334145.556,705769.9165,4334147.556,705770.3165,4334147.556,705770.3165,4334145.556
15ASH20704,705770.748,4334145.102,705770.748,4334147.102,705771.148,4334147.102,705771.148,4334145.102
15ASH20703,705771.4117,4334144.909,705771.4117,4334146.909,705771.8117,4334146.909,705771.8117,4334144.909
15ASH20702,705772.4026,4334145.767,705772.4026,4334147.767,705772.8026,4334147.767,705772.8026,4334145.767
15ASH20701,705773.109,4334145.729,705773.109,4334147.729,705773.509,4334147.729,705773.509,4334145.729
15ASH20700,705773.9664,4334144.874,705773.9664,4334146.874,705774.3664,4334146.874,705774.3664,4334144.874
15ASH20699,705774.6758,4334144.82,705774.6758,4334146.82,705775.0758,4334146.82,705775.0758,4334144.82
15ASH20698,705775.7092,4334145.796,705775.7092,4334147.796,705776.1092,4334147.796,705776.1092,4334145.796
15ASH20697,705776.4197,4334145.749,705776.4197,4334147.749,705776.8197,4334147.749,705776.8197,4334145.749
15ASH20696,705777.2432,4334145.066,705777.2432,4334147.066,705777.6432,4334147.066,705777.6432,4334145.066
15ASH20695,705777.9506,4334145.135,705777.9506,4334147.135,705778.3506,4334147.135,705778.3506,4334145.135
15ASH20694,705778.822,4334145.813,705778.822,4334147.813,705779.222,4334147.813,705779.222,4334145.813
15ASH20693,705779.531,4334145.74,705779.531,4334147.74,705779.931,4334147.74,705779.931,4334145.74
15ASH20692,705780.4434,4334145.046,705780.4434,4334147.046,705780.8434,4334147.046,705780.8434,4334145.046
15ASH20691,705781.1542,4334145.069,705781.1542,4334147.069,705781.5542,4334147.069,705781.5542,4334145.069
15ASH20690,705782.099,4334145.818,705782.099,4334147.818,705782.499,4334147.818,705782.499,4334145.818
15ASH20689,705782.8103,4334145.681,705782.8103,4334147.681,705783.2103,4334147.681,705783.2103,4334145.681
15ASH20688,705783.5405,4334145.132,705783.5405,4334147.132,705783.9405,4334147.132,705783.9405,4334145.132
15ASH20687,705784.2506,4334145.119,705784.2506,4334147.119,705784.6506,4334147.119,705784.6506,4334145.119
15ASH20686,705785.3266,4334145.803,705785.3266,4334147.803,705785.7266,4334147.803,705785.7266,4334145.803
15ASH20685,705786.0335,4334145.71,705786.0335,4334147.71,705786.4335,4334147.71,705786.4335,4334145.71
